"Invoice Number","Originating Order Number",Store,"Customer ID",Date,Name,SKU,QTY,Subtotal,Discount,Tax
200030899,200033415,Retail,,"Mar 1, 2015 4:21:15 AM","Blooming Bath Bathing Kit",BLOOMINGBATH-KIT,1.0000,$59.99,$0.00,$0.00
200030899,200033415,Retail,,"Mar 1, 2015 4:21:15 AM","Blooming Bath Baby Bath - Hot Pink",BLOOMINGBATH-PINK,1.0000,$0.00,$0.00,$0.00
200030899,200033415,Retail,,"Mar 1, 2015 4:21:15 AM","Petals Baby Bath Washcloths - Turquoise - 3 Pack",PETAL-WASHCLOTHS-3PK-TURQUOISE,1.0000,$0.00,$0.00,$0.00
200030899,200033415,Retail,,"Mar 1, 2015 4:21:15 AM","Burt's Bees Getting Started Kit",GETTING-STARTED-KIT,1.0000,$0.00,$0.00,$0.00
200030900,200033416,Retail,,"Mar 1, 2015 5:45:12 AM","Blooming Bath Baby Bath",BLOOMINGBATH-GREEN,1.0000,$39.99,$0.00,$0.00
200030900,200033416,Retail,,"Mar 1, 2015 5:45:12 AM","Blooming Bath Baby Bath - Green",BLOOMINGBATH-GREEN,1.0000,$0.00,$0.00,$0.00
200030900,200033416,Retail,,"Mar 1, 2015 5:45:12 AM","Petals Baby Washcloths - 3 Pack",PETAL-WASHCLOTHS-3PK-PINK,1.0000,$9.99,$0.00,$0.00
200030900,200033416,Retail,,"Mar 1, 2015 5:45:12 AM","Petals Baby Bath Washcloths - Hot Pink - 3 Pack",PETAL-WASHCLOTHS-3PK-PINK,1.0000,$0.00,$0.00,$0.00
200030901,200033418,Retail,,"Mar 1, 2015 6:05:21 AM","Blooming Bath Baby Bath",BLOOMINGBATH-YELLOW,1.0000,$39.99,$0.00,$0.00
200030901,200033418,Retail,,"Mar 1, 2015 6:05:21 AM","Blooming Bath Baby Bath - Canary Yellow",BLOOMINGBATH-YELLOW,1.0000,$0.00,$0.00,$0.00
200030902,200033419,Retail,,"Mar 1, 2015 6:32:23 AM","Blooming Bath Baby Bath",BLOOMINGBATH-TURQUOISE,1.0000,$39.99,$0.00,$0.00
200030902,200033419,Retail,,"Mar 1, 2015 6:32:23 AM","Blooming Bath Baby Bath - Turquoise",BLOOMINGBATH-TURQUOISE,1.0000,$0.00,$0.00,$0.00
200030903,200033420,Retail,,"Mar 1, 2015 7:33:13 AM","Blooming Bath Bathing Kit",BLOOMINGBATH-KIT,1.0000,$59.99,$0.00,$0.00
200030903,200033420,Retail,,"Mar 1, 2015 7:33:13 AM","Blooming Bath Baby Bath - Hot Pink",BLOOMINGBATH-PINK,1.0000,$0.00,$0.00,$0.00
200030903,200033420,Retail,,"Mar 1, 2015 7:33:13 AM","Petals Baby Bath Washcloths - Hot Pink - 3 Pack",PETAL-WASHCLOTHS-3PK-PINK,1.0000,$0.00,$0.00,$0.00
200030903,200033420,Retail,,"Mar 1, 2015 7:33:13 AM","Burt's Bees Getting Started Kit",GETTING-STARTED-KIT,1.0000,$0.00,$0.00,$0.00
200030904,200033421,Retail,,"Mar 1, 2015 7:36:17 AM","Blooming Bath Baby Bath",BLOOMINGBATH-YELLOW,1.0000,$39.99,$4.00,$0.00
200030904,200033421,Retail,,"Mar 1, 2015 7:36:17 AM","Blooming Bath Baby Bath - Canary Yellow",BLOOMINGBATH-YELLOW,1.0000,$0.00,$0.00,$0.00
200030904,200033421,Retail,,"Mar 1, 2015 7:36:17 AM","Petals Baby Washcloths - 3 Pack",PETAL-WASHCLOTHS-3PK-YELLOW,1.0000,$9.99,$1.00,$0.00
200030904,200033421,Retail,,"Mar 1, 2015 7:36:17 AM","Petals Baby Bath Washcloths - Canary Yellow - 3 Pack",PETAL-WASHCLOTHS-3PK-YELLOW,1.0000,$0.00,$0.00,$0.00
200030905,200033422,Retail,,"Mar 1, 2015 8:39:17 AM","Blooming Bath Baby Bath",BLOOMINGBATH-YELLOW,1.0000,$39.99,$0.00,$0.00
200030905,200033422,Retail,,"Mar 1, 2015 8:39:17 AM","Blooming Bath Baby Bath - Canary Yellow",BLOOMINGBATH-YELLOW,1.0000,$0.00,$0.00,$0.00
200030905,200033422,Retail,,"Mar 1, 2015 8:39:17 AM","Send as Gift",GIFT,1.0000,$0.00,$0.00,$0.00
200030906,200033423,Retail,,"Mar 1, 2015 8:44:09 AM","Blooming Bath Baby Bath",BLOOMINGBATH-TURQUOISE,1.0000,$39.99,$0.00,$0.00
200030906,200033423,Retail,,"Mar 1, 2015 8:44:09 AM","Blooming Bath Baby Bath - Turquoise",BLOOMINGBATH-TURQUOISE,1.0000,$0.00,$0.00,$0.00
200030907,200033424,Retail,,"Mar 1, 2015 9:06:23 AM","Blooming Bath Baby Bath",BLOOMINGBATH-TURQUOISE,1.0000,$39.99,$0.00,$0.00
200030907,200033424,Retail,,"Mar 1, 2015 9:06:23 AM","Blooming Bath Baby Bath - Turquoise",BLOOMINGBATH-TURQUOISE,1.0000,$0.00,$0.00,$0.00
200030907,200033424,Retail,,"Mar 1, 2015 9:06:23 AM","Mini Bloom Scrubbie - Canary Yellow",MINI-BLOOM-CANARY-YELLOW,1.0000,$9.99,$0.00,$0.00
200030907,200033424,Retail,,"Mar 1, 2015 9:06:23 AM","Petals Baby Bath Washcloths - Canary Yellow - 3 Pack",PETAL-WASHCLOTHS-3PK-YELLOW,1.0000,$9.99,$0.00,$0.00
200030907,200033424,Retail,,"Mar 1, 2015 9:06:23 AM","Burt's Bees Baby Bee Shampoo and Wash Fragrance Free 12 oz ",BABY-BEE-SHAMPOO-WASH-FRAGRANCE-FREE-8OZ,1.0000,$9.00,$0.00,$0.00
200030908,200033425,Retail,,"Mar 1, 2015 10:11:56 AM","Blooming Bath Baby Bath",BLOOMINGBATH-TURQUOISE,1.0000,$39.99,$4.00,$0.00
200030908,200033425,Retail,,"Mar 1, 2015 10:11:56 AM","Blooming Bath Baby Bath - Turquoise",BLOOMINGBATH-TURQUOISE,1.0000,$0.00,$0.00,$0.00
200030909,200033426,Retail,,"Mar 1, 2015 10:45:04 AM","Blooming Bath Baby Bath",BLOOMINGBATH-TURQUOISE,1.0000,$39.99,$0.00,$0.00
200030909,200033426,Retail,,"Mar 1, 2015 10:45:04 AM","Blooming Bath Baby Bath - Turquoise",BLOOMINGBATH-TURQUOISE,1.0000,$0.00,$0.00,$0.00
200030909,200033426,Retail,,"Mar 1, 2015 10:45:04 AM","Mini Bloom Scrubbie",MINI-BLOOM-TURQUOISE,1.0000,$9.99,$0.00,$0.00
200030909,200033426,Retail,,"Mar 1, 2015 10:45:04 AM","Mini Bloom Scrubbie - Turquoise",MINI-BLOOM-TURQUOISE,1.0000,$0.00,$0.00,$0.00
200030910,200033427,Retail,,"Mar 1, 2015 11:49:47 AM","Blooming Bath Baby Bath",BLOOMINGBATH-PINK,1.0000,$39.99,$0.00,$0.00
200030910,200033427,Retail,,"Mar 1, 2015 11:49:47 AM","Blooming Bath Baby Bath - Hot Pink",BLOOMINGBATH-PINK,1.0000,$0.00,$0.00,$0.00
200030911,200033428,Retail,,"Mar 1, 2015 12:30:23 PM","Blooming Bath Baby Bath",BLOOMINGBATH-PINK,1.0000,$39.99,$0.00,$0.00
200030911,200033428,Retail,,"Mar 1, 2015 12:30:23 PM","Blooming Bath Baby Bath - Hot Pink",BLOOMINGBATH-PINK,1.0000,$0.00,$0.00,$0.00
200030912,200033429,Retail,,"Mar 1, 2015 12:45:48 PM","Blooming Bath Baby Bath",BLOOMINGBATH-YELLOW,2.0000,$79.98,$8.00,$0.00
200030912,200033429,Retail,,"Mar 1, 2015 12:45:48 PM","Blooming Bath Baby Bath - Canary Yellow",BLOOMINGBATH-YELLOW,2.0000,$0.00,$0.00,$0.00
200030913,200033430,Retail,,"Mar 1, 2015 2:04:15 PM","Blooming Bath Baby Bath",BLOOMINGBATH-TURQUOISE,1.0000,$39.99,$0.00,$3.20
200030913,200033430,Retail,,"Mar 1, 2015 2:04:15 PM","Blooming Bath Baby Bath - Turquoise",BLOOMINGBATH-TURQUOISE,1.0000,$0.00,$0.00,$0.00
200030914,200033431,Retail,,"Mar 1, 2015 2:24:38 PM","Blooming Bath Baby Bath",BLOOMINGBATH-YELLOW,1.0000,$39.99,$0.00,$0.00
200030914,200033431,Retail,,"Mar 1, 2015 2:24:38 PM","Blooming Bath Baby Bath - Canary Yellow",BLOOMINGBATH-YELLOW,1.0000,$0.00,$0.00,$0.00
200030915,200033432,Retail,,"Mar 1, 2015 3:42:46 PM","Blooming Bath Baby Bath",BLOOMINGBATH-PINK,1.0000,$39.99,$0.00,$0.00
200030915,200033432,Retail,,"Mar 1, 2015 3:42:46 PM","Blooming Bath Baby Bath - Hot Pink",BLOOMINGBATH-PINK,1.0000,$0.00,$0.00,$0.00
200030916,200033433,Retail,,"Mar 1, 2015 4:39:25 PM","Blooming Bath Baby Bath",BLOOMINGBATH-TURQUOISE,1.0000,$39.99,$0.00,$0.00
200030916,200033433,Retail,,"Mar 1, 2015 4:39:25 PM","Blooming Bath Baby Bath - Turquoise",BLOOMINGBATH-TURQUOISE,1.0000,$0.00,$0.00,$0.00
200030917,200033434,Retail,,"Mar 1, 2015 4:51:33 PM","Blooming Bath Baby Bath",BLOOMINGBATH-YELLOW,1.0000,$39.99,$0.00,$0.00
200030917,200033434,Retail,,"Mar 1, 2015 4:51:33 PM","Blooming Bath Baby Bath - Canary Yellow",BLOOMINGBATH-YELLOW,1.0000,$0.00,$0.00,$0.00
200030918,200033436,Retail,,"Mar 1, 2015 5:25:51 PM","Blooming Bath Baby Bath",BLOOMINGBATH-YELLOW,1.0000,$39.99,$0.00,$0.00
200030918,200033436,Retail,,"Mar 1, 2015 5:25:51 PM","Blooming Bath Baby Bath - Canary Yellow",BLOOMINGBATH-YELLOW,1.0000,$0.00,$0.00,$0.00
200030918,200033436,Retail,,"Mar 1, 2015 5:25:51 PM","Petals Baby Washcloths - 3 Pack",PETAL-WASHCLOTHS-3PK-YELLOW,1.0000,$9.99,$0.00,$0.00
200030918,200033436,Retail,,"Mar 1, 2015 5:25:51 PM","Petals Baby Bath Washcloths - Canary Yellow - 3 Pack",PETAL-WASHCLOTHS-3PK-YELLOW,1.0000,$0.00,$0.00,$0.00
200030918,200033436,Retail,,"Mar 1, 2015 5:25:51 PM","Send as Gift",GIFT,1.0000,$0.00,$0.00,$0.00
200030919,200033437,Retail,,"Mar 1, 2015 5:30:00 PM","Blooming Bath Baby Bath",BLOOMINGBATH-TURQUOISE,1.0000,$39.99,$0.00,$0.00
200030919,200033437,Retail,,"Mar 1, 2015 5:30:00 PM","Blooming Bath Baby Bath - Turquoise",BLOOMINGBATH-TURQUOISE,1.0000,$0.00,$0.00,$0.00
200030919,200033437,Retail,,"Mar 1, 2015 5:30:00 PM","Petals Baby Washcloths - 3 Pack",PETAL-WASHCLOTHS-3PK-TURQUOISE,1.0000,$9.99,$0.00,$0.00
200030919,200033437,Retail,,"Mar 1, 2015 5:30:00 PM","Petals Baby Bath Washcloths - Turquoise - 3 Pack",PETAL-WASHCLOTHS-3PK-TURQUOISE,1.0000,$0.00,$0.00,$0.00
200030920,200033438,Retail,,"Mar 1, 2015 5:31:25 PM","Blooming Bath Baby Bath",BLOOMINGBATH-YELLOW,1.0000,$39.99,$0.00,$0.00
200030920,200033438,Retail,,"Mar 1, 2015 5:31:25 PM","Blooming Bath Baby Bath - Canary Yellow",BLOOMINGBATH-YELLOW,1.0000,$0.00,$0.00,$0.00
200030920,200033438,Retail,,"Mar 1, 2015 5:31:25 PM","Send as Gift",GIFT,1.0000,$0.00,$0.00,$0.00
200030921,200033439,Retail,,"Mar 1, 2015 5:38:29 PM","Blooming Bath Baby Bath",BLOOMINGBATH-GREEN,1.0000,$39.99,$0.00,$0.00
200030921,200033439,Retail,,"Mar 1, 2015 5:38:29 PM","Blooming Bath Baby Bath - Green",BLOOMINGBATH-GREEN,1.0000,$0.00,$0.00,$0.00
200030922,200033440,Retail,,"Mar 1, 2015 6:44:58 PM","Blooming Bath Baby Bath",BLOOMINGBATH-YELLOW,1.0000,$39.99,$0.00,$0.00
200030922,200033440,Retail,,"Mar 1, 2015 6:44:58 PM","Blooming Bath Baby Bath - Canary Yellow",BLOOMINGBATH-YELLOW,1.0000,$0.00,$0.00,$0.00
200030923,200033441,Retail,,"Mar 1, 2015 6:58:32 PM","Blooming Bath Baby Bath",BLOOMINGBATH-TURQUOISE,1.0000,$39.99,$0.00,$0.00
200030923,200033441,Retail,,"Mar 1, 2015 6:58:32 PM","Blooming Bath Baby Bath - Turquoise",BLOOMINGBATH-TURQUOISE,1.0000,$0.00,$0.00,$0.00
200030924,200033442,Retail,,"Mar 1, 2015 7:37:42 PM","Blooming Bath Baby Bath",BLOOMINGBATH-PINK,1.0000,$39.99,$4.00,$0.00
200030924,200033442,Retail,,"Mar 1, 2015 7:37:42 PM","Blooming Bath Baby Bath - Hot Pink",BLOOMINGBATH-PINK,1.0000,$0.00,$0.00,$0.00
200030925,200033443,Retail,4861,"Mar 1, 2015 8:27:02 PM","Blooming Bath Baby Bath",BLOOMINGBATH-TURQUOISE,1.0000,$39.99,$0.00,$0.00
200030925,200033443,Retail,4861,"Mar 1, 2015 8:27:02 PM","Blooming Bath Baby Bath - Turquoise",BLOOMINGBATH-TURQUOISE,1.0000,$0.00,$0.00,$0.00
200030925,200033443,Retail,4861,"Mar 1, 2015 8:27:02 PM","Mini Bloom Scrubbie",MINI-BLOOM-TURQUOISE,1.0000,$9.99,$0.00,$0.00
200030925,200033443,Retail,4861,"Mar 1, 2015 8:27:02 PM","Mini Bloom Scrubbie - Turquoise",MINI-BLOOM-TURQUOISE,1.0000,$0.00,$0.00,$0.00
200030926,200033444,Retail,,"Mar 1, 2015 8:43:08 PM","Blooming Bath Baby Bath",BLOOMINGBATH-PINK,1.0000,$39.99,$0.00,$0.00
200030926,200033444,Retail,,"Mar 1, 2015 8:43:08 PM","Blooming Bath Baby Bath - Hot Pink",BLOOMINGBATH-PINK,1.0000,$0.00,$0.00,$0.00
200030926,200033444,Retail,,"Mar 1, 2015 8:43:08 PM","Send as Gift",GIFT,1.0000,$0.00,$0.00,$0.00
200030927,200033446,Retail,,"Mar 2, 2015 3:11:35 AM","Blooming Bath Baby Bath - Ivory",BLOOMINGBATH-IVORY,1.0000,$39.99,$0.00,$0.00
200030928,200033447,Retail,,"Mar 2, 2015 3:16:45 AM","Blooming Bath Baby Bath",BLOOMINGBATH-YELLOW,1.0000,$39.99,$4.00,$0.00
200030928,200033447,Retail,,"Mar 2, 2015 3:16:45 AM","Blooming Bath Baby Bath - Canary Yellow",BLOOMINGBATH-YELLOW,1.0000,$0.00,$0.00,$0.00
200030928,200033447,Retail,,"Mar 2, 2015 3:16:45 AM","Mini Bloom Scrubbie",MINI-BLOOM-CANARY-YELLOW,1.0000,$9.99,$1.00,$0.00
200030928,200033447,Retail,,"Mar 2, 2015 3:16:45 AM","Mini Bloom Scrubbie - Canary Yellow",MINI-BLOOM-CANARY-YELLOW,1.0000,$0.00,$0.00,$0.00
200030928,200033447,Retail,,"Mar 2, 2015 3:16:45 AM","Petals Baby Washcloths - 3 Pack",PETAL-WASHCLOTHS-3PK-YELLOW,1.0000,$9.99,$0.99,$0.00
200030928,200033447,Retail,,"Mar 2, 2015 3:16:45 AM","Petals Baby Bath Washcloths - Canary Yellow - 3 Pack",PETAL-WASHCLOTHS-3PK-YELLOW,1.0000,$0.00,$0.00,$0.00
200030929,200033448,Retail,4862,"Mar 2, 2015 6:34:36 AM","Blooming Bath Baby Bath",BLOOMINGBATH-PINK,1.0000,$39.99,$4.00,$0.00
200030929,200033448,Retail,4862,"Mar 2, 2015 6:34:36 AM","Blooming Bath Baby Bath - Hot Pink",BLOOMINGBATH-PINK,1.0000,$0.00,$0.00,$0.00
200030930,200033449,Retail,,"Mar 2, 2015 7:29:17 AM","Blooming Bath Baby Bath",BLOOMINGBATH-YELLOW,1.0000,$39.99,$0.00,$0.00
200030930,200033449,Retail,,"Mar 2, 2015 7:29:17 AM","Blooming Bath Baby Bath - Canary Yellow",BLOOMINGBATH-YELLOW,1.0000,$0.00,$0.00,$0.00
200030930,200033449,Retail,,"Mar 2, 2015 7:29:17 AM","Mini Bloom Scrubbie",MINI-BLOOM-CANARY-YELLOW,1.0000,$9.99,$0.00,$0.00
200030930,200033449,Retail,,"Mar 2, 2015 7:29:17 AM","Mini Bloom Scrubbie - Canary Yellow",MINI-BLOOM-CANARY-YELLOW,1.0000,$0.00,$0.00,$0.00
200030930,200033449,Retail,,"Mar 2, 2015 7:29:17 AM","Send as Gift",GIFT,1.0000,$0.00,$0.00,$0.00
200030931,200033450,Retail,,"Mar 2, 2015 8:06:56 AM","Blooming Bath Baby Bath",BLOOMINGBATH-GREEN,1.0000,$39.99,$0.00,$0.00
200030931,200033450,Retail,,"Mar 2, 2015 8:06:56 AM","Blooming Bath Baby Bath - Green",BLOOMINGBATH-GREEN,1.0000,$0.00,$0.00,$0.00
200030932,200033451,Retail,,"Mar 2, 2015 9:52:46 AM","Blooming Bath Baby Bath",BLOOMINGBATH-TURQUOISE,1.0000,$39.99,$0.00,$0.00
200030932,200033451,Retail,,"Mar 2, 2015 9:52:46 AM","Blooming Bath Baby Bath - Turquoise",BLOOMINGBATH-TURQUOISE,1.0000,$0.00,$0.00,$0.00
200030933,200033452,Retail,,"Mar 2, 2015 10:13:27 AM","Blooming Bath Baby Bath",BLOOMINGBATH-TURQUOISE,1.0000,$39.99,$0.00,$0.00
200030933,200033452,Retail,,"Mar 2, 2015 10:13:27 AM","Blooming Bath Baby Bath - Turquoise",BLOOMINGBATH-TURQUOISE,1.0000,$0.00,$0.00,$0.00
200030934,200033453,Retail,,"Mar 2, 2015 11:57:52 AM","Blooming Bath Bathing Kit",BLOOMINGBATH-KIT,1.0000,$59.99,$0.00,$0.00
200030934,200033453,Retail,,"Mar 2, 2015 11:57:52 AM","Blooming Bath Baby Bath - Hot Pink",BLOOMINGBATH-PINK,1.0000,$0.00,$0.00,$0.00
200030934,200033453,Retail,,"Mar 2, 2015 11:57:52 AM","Petals Baby Bath Washcloths - Turquoise - 3 Pack",PETAL-WASHCLOTHS-3PK-TURQUOISE,1.0000,$0.00,$0.00,$0.00
200030934,200033453,Retail,,"Mar 2, 2015 11:57:52 AM","Burt's Bees Getting Started Kit",GETTING-STARTED-KIT,1.0000,$0.00,$0.00,$0.00
200030934,200033453,Retail,,"Mar 2, 2015 11:57:52 AM","Send as Gift",GIFT,1.0000,$0.00,$0.00,$0.00
200030935,200033454,Retail,,"Mar 2, 2015 12:41:00 PM","Blooming Bath Baby Bath",BLOOMINGBATH-PINK,1.0000,$39.99,$0.00,$0.00
200030935,200033454,Retail,,"Mar 2, 2015 12:41:00 PM","Blooming Bath Baby Bath - Hot Pink",BLOOMINGBATH-PINK,1.0000,$0.00,$0.00,$0.00
200030936,200033455,Retail,,"Mar 2, 2015 12:52:17 PM","Blooming Bath Baby Bath - Hot Pink",BLOOMINGBATH-PINK,1.0000,$39.99,$0.00,$0.00
200030936,200033455,Retail,,"Mar 2, 2015 12:52:17 PM","Send as Gift",GIFT,1.0000,$0.00,$0.00,$0.00
200030937,200033456,Retail,,"Mar 2, 2015 12:58:40 PM","Blooming Bath Baby Bath",BLOOMINGBATH-PINK,1.0000,$39.99,$0.00,$3.20
200030937,200033456,Retail,,"Mar 2, 2015 12:58:40 PM","Blooming Bath Baby Bath - Hot Pink",BLOOMINGBATH-PINK,1.0000,$0.00,$0.00,$0.00
200030937,200033456,Retail,,"Mar 2, 2015 12:58:40 PM","Mini Bloom Scrubbie - Hot Pink ",MINI-BLOOM-HOT-PINK,1.0000,$9.99,$0.00,$0.80
200030938,200033457,Retail,,"Mar 2, 2015 1:49:06 PM","Blooming Bath Baby Bath",BLOOMINGBATH-YELLOW,1.0000,$39.99,$0.00,$0.00
200030938,200033457,Retail,,"Mar 2, 2015 1:49:06 PM","Blooming Bath Baby Bath - Canary Yellow",BLOOMINGBATH-YELLOW,1.0000,$0.00,$0.00,$0.00
200030938,200033457,Retail,,"Mar 2, 2015 1:49:06 PM","Mini Bloom Scrubbie - Canary Yellow",MINI-BLOOM-CANARY-YELLOW,1.0000,$9.99,$0.00,$0.00
200030938,200033457,Retail,,"Mar 2, 2015 1:49:06 PM","Petals Baby Bath Washcloths - Canary Yellow - 3 Pack",PETAL-WASHCLOTHS-3PK-YELLOW,1.0000,$9.99,$0.00,$0.00
200030939,200033458,Retail,,"Mar 2, 2015 2:24:52 PM","Blooming Bath Baby Bath - Turquoise",BLOOMINGBATH-TURQUOISE,1.0000,$39.99,$0.00,$0.00
250006697,250007034,Wholesale,1619,"Mar 2, 2015 2:26:39 PM","Blooming Bath Baby Bath - Turquoise - Case (4 Pack)",BLOOMINGBATH-TURQUOISE-CASE,1.0000,$80.00,$0.00,$0.00
250006697,250007034,Wholesale,1619,"Mar 2, 2015 2:26:39 PM","Blooming Bath Baby Bath - Turquoise",BLOOMINGBATH-TURQUOISE,4.0000,$0.00,$0.00,$0.00
250006697,250007034,Wholesale,1619,"Mar 2, 2015 2:26:39 PM","Blooming Bath Baby Bath - Hot Pink - Case (4 Pack)",BLOOMINGBATH-PINK-CASE,1.0000,$80.00,$0.00,$0.00
250006697,250007034,Wholesale,1619,"Mar 2, 2015 2:26:39 PM","Blooming Bath Baby Bath - Hot Pink",BLOOMINGBATH-PINK,4.0000,$0.00,$0.00,$0.00
200030940,200033459,Retail,4863,"Mar 2, 2015 3:28:33 PM","Blooming Bath Baby Bath",BLOOMINGBATH-PINK,1.0000,$39.99,$0.00,$0.00
200030940,200033459,Retail,4863,"Mar 2, 2015 3:28:33 PM","Blooming Bath Baby Bath - Hot Pink",BLOOMINGBATH-PINK,1.0000,$0.00,$0.00,$0.00
200030941,200033460,Retail,,"Mar 2, 2015 4:48:13 PM","Blooming Bath Baby Bath",BLOOMINGBATH-GREEN,1.0000,$39.99,$0.00,$0.00
200030941,200033460,Retail,,"Mar 2, 2015 4:48:13 PM","Blooming Bath Baby Bath - Green",BLOOMINGBATH-GREEN,1.0000,$0.00,$0.00,$0.00
200030942,200033461,Retail,,"Mar 2, 2015 5:08:33 PM","Blooming Bath Baby Bath",BLOOMINGBATH-YELLOW,1.0000,$39.99,$0.00,$0.00
200030942,200033461,Retail,,"Mar 2, 2015 5:08:33 PM","Blooming Bath Baby Bath - Canary Yellow",BLOOMINGBATH-YELLOW,1.0000,$0.00,$0.00,$0.00
200030942,200033461,Retail,,"Mar 2, 2015 5:08:33 PM","Blooming Bath Baby Bath",BLOOMINGBATH-TURQUOISE,1.0000,$39.99,$0.00,$0.00
200030942,200033461,Retail,,"Mar 2, 2015 5:08:33 PM","Blooming Bath Baby Bath - Turquoise",BLOOMINGBATH-TURQUOISE,1.0000,$0.00,$0.00,$0.00
200030943,200033462,Retail,4864,"Mar 2, 2015 5:09:30 PM","Blooming Bath Baby Bath",BLOOMINGBATH-PINK,1.0000,$39.99,$0.00,$0.00
200030943,200033462,Retail,4864,"Mar 2, 2015 5:09:30 PM","Blooming Bath Baby Bath - Hot Pink",BLOOMINGBATH-PINK,1.0000,$0.00,$0.00,$0.00
200030943,200033462,Retail,4864,"Mar 2, 2015 5:09:30 PM","Send as Gift",GIFT,1.0000,$0.00,$0.00,$0.00
200030944,200033463,Retail,,"Mar 2, 2015 6:02:49 PM","Blooming Bath Baby Bath",BLOOMINGBATH-PINK,1.0000,$39.99,$4.00,$2.88
200030944,200033463,Retail,,"Mar 2, 2015 6:02:49 PM","Blooming Bath Baby Bath - Hot Pink",BLOOMINGBATH-PINK,1.0000,$0.00,$0.00,$0.00
200030945,200033464,Retail,,"Mar 2, 2015 6:12:13 PM","Blooming Bath Baby Bath",BLOOMINGBATH-TURQUOISE,1.0000,$39.99,$4.00,$0.00
200030945,200033464,Retail,,"Mar 2, 2015 6:12:13 PM","Blooming Bath Baby Bath - Turquoise",BLOOMINGBATH-TURQUOISE,1.0000,$0.00,$0.00,$0.00
200030945,200033464,Retail,,"Mar 2, 2015 6:12:13 PM","Send as Gift",GIFT,1.0000,$0.00,$0.00,$0.00
200030946,200033465,Retail,,"Mar 2, 2015 8:37:51 PM","Blooming Bath Bathing Kit",BLOOMINGBATH-KIT,1.0000,$59.99,$0.00,$4.80
200030946,200033465,Retail,,"Mar 2, 2015 8:37:51 PM","Blooming Bath Baby Bath - Hot Pink",BLOOMINGBATH-PINK,1.0000,$0.00,$0.00,$0.00
200030946,200033465,Retail,,"Mar 2, 2015 8:37:51 PM","Petals Baby Bath Washcloths - Hot Pink - 3 Pack",PETAL-WASHCLOTHS-3PK-PINK,1.0000,$0.00,$0.00,$0.00
200030946,200033465,Retail,,"Mar 2, 2015 8:37:51 PM","Burt's Bees Getting Started Kit",GETTING-STARTED-KIT,1.0000,$0.00,$0.00,$0.00
200030946,200033465,Retail,,"Mar 2, 2015 8:37:51 PM","Send as Gift",GIFT,1.0000,$0.00,$0.00,$0.00
200030947,200033467,Retail,,"Mar 2, 2015 10:50:41 PM","Blooming Bath Baby Bath",BLOOMINGBATH-IVORY,1.0000,$39.99,$0.00,$0.00
200030947,200033467,Retail,,"Mar 2, 2015 10:50:41 PM","Blooming Bath Baby Bath - Ivory",BLOOMINGBATH-IVORY,1.0000,$0.00,$0.00,$0.00
200030948,200033468,Retail,,"Mar 3, 2015 7:24:52 AM","Blooming Bath Baby Bath",BLOOMINGBATH-YELLOW,1.0000,$39.99,$0.00,$0.00
200030948,200033468,Retail,,"Mar 3, 2015 7:24:52 AM","Blooming Bath Baby Bath - Canary Yellow",BLOOMINGBATH-YELLOW,1.0000,$0.00,$0.00,$0.00
200030949,200033469,Retail,,"Mar 3, 2015 7:30:19 AM","Blooming Bath Baby Bath",BLOOMINGBATH-PINK,1.0000,$39.99,$0.00,$0.00
200030949,200033469,Retail,,"Mar 3, 2015 7:30:19 AM","Blooming Bath Baby Bath - Hot Pink",BLOOMINGBATH-PINK,1.0000,$0.00,$0.00,$0.00
200030950,200033471,Retail,,"Mar 3, 2015 7:51:36 AM","Blooming Bath Baby Bath",BLOOMINGBATH-YELLOW,1.0000,$39.99,$0.00,$3.20
200030950,200033471,Retail,,"Mar 3, 2015 7:51:36 AM","Blooming Bath Baby Bath - Canary Yellow",BLOOMINGBATH-YELLOW,1.0000,$0.00,$0.00,$0.00
200030951,200033472,Retail,,"Mar 3, 2015 8:23:21 AM","Blooming Bath Baby Bath",BLOOMINGBATH-TURQUOISE,1.0000,$39.99,$0.00,$0.00
200030951,200033472,Retail,,"Mar 3, 2015 8:23:21 AM","Blooming Bath Baby Bath - Turquoise",BLOOMINGBATH-TURQUOISE,1.0000,$0.00,$0.00,$0.00
200030952,200033473,Retail,,"Mar 3, 2015 9:44:24 AM","Petals Baby Washcloths - 3 Pack",PETAL-WASHCLOTHS-3PK-TURQUOISE,1.0000,$9.99,$0.00,$0.00
200030952,200033473,Retail,,"Mar 3, 2015 9:44:24 AM","Petals Baby Bath Washcloths - Turquoise - 3 Pack",PETAL-WASHCLOTHS-3PK-TURQUOISE,1.0000,$0.00,$0.00,$0.00
200030952,200033473,Retail,,"Mar 3, 2015 9:44:24 AM","Petals Baby Washcloths - 3 Pack",PETAL-WASHCLOTHS-3PK-YELLOW,1.0000,$9.99,$0.00,$0.00
200030952,200033473,Retail,,"Mar 3, 2015 9:44:24 AM","Petals Baby Bath Washcloths - Canary Yellow - 3 Pack",PETAL-WASHCLOTHS-3PK-YELLOW,1.0000,$0.00,$0.00,$0.00
200030952,200033473,Retail,,"Mar 3, 2015 9:44:24 AM","Blooming Bath Baby Bath",BLOOMINGBATH-TURQUOISE,1.0000,$39.99,$0.00,$0.00
200030952,200033473,Retail,,"Mar 3, 2015 9:44:24 AM","Blooming Bath Baby Bath - Turquoise",BLOOMINGBATH-TURQUOISE,1.0000,$0.00,$0.00,$0.00
200030952,200033473,Retail,,"Mar 3, 2015 9:44:24 AM","Blooming Bath Baby Bath",BLOOMINGBATH-YELLOW,1.0000,$39.99,$0.00,$0.00
200030952,200033473,Retail,,"Mar 3, 2015 9:44:24 AM","Blooming Bath Baby Bath - Canary Yellow",BLOOMINGBATH-YELLOW,1.0000,$0.00,$0.00,$0.00
200030953,200033474,Retail,,"Mar 3, 2015 10:03:32 AM","Blooming Bath Baby Bath - Canary Yellow",BLOOMINGBATH-YELLOW,1.0000,$39.99,$0.00,$0.00
250006698,250007061,Wholesale,3736,"Mar 3, 2015 10:11:30 AM","Blooming Bath Baby Bath - Canary Yellow - Case (4 Pack)",BLOOMINGBATH-YELLOW-CASE,1.0000,$80.00,$0.00,$0.00
250006698,250007061,Wholesale,3736,"Mar 3, 2015 10:11:30 AM","Blooming Bath Baby Bath - Canary Yellow",BLOOMINGBATH-YELLOW,4.0000,$0.00,$0.00,$0.00
300000214,300000262,International,3388,"Mar 3, 2015 11:27:00 AM","Blooming Bath Baby Bath - Ivory - Case (4 Pack)",BLOOMINGBATH-IVORY-CASE,1.0000,$72.00,$0.00,$0.00
300000214,300000262,International,3388,"Mar 3, 2015 11:27:00 AM","Blooming Bath Baby Bath - Ivory",BLOOMINGBATH-IVORY,4.0000,$0.00,$0.00,$0.00
300000214,300000262,International,3388,"Mar 3, 2015 11:27:00 AM","Mini Bloom Scrubbie - Hot Pink ",MINI-BLOOM-HOT-PINK,4.0000,$16.00,$0.00,$0.00
200030954,200033475,Retail,,"Mar 3, 2015 11:41:18 AM","Blooming Bath Baby Bath",BLOOMINGBATH-PINK,1.0000,$39.99,$0.00,$0.00
200030954,200033475,Retail,,"Mar 3, 2015 11:41:18 AM","Blooming Bath Baby Bath - Hot Pink",BLOOMINGBATH-PINK,1.0000,$0.00,$0.00,$0.00
200030954,200033475,Retail,,"Mar 3, 2015 11:41:18 AM","Send as Gift",GIFT,1.0000,$0.00,$0.00,$0.00
200030955,200033476,Retail,,"Mar 3, 2015 12:21:19 PM","Blooming Bath Baby Bath - Hot Pink",BLOOMINGBATH-PINK,1.0000,$39.99,$0.00,$0.00
200030956,200033477,Retail,,"Mar 3, 2015 12:50:06 PM","Blooming Bath Baby Bath",BLOOMINGBATH-GREEN,1.0000,$39.99,$0.00,$0.00
200030956,200033477,Retail,,"Mar 3, 2015 12:50:06 PM","Blooming Bath Baby Bath - Green",BLOOMINGBATH-GREEN,1.0000,$0.00,$0.00,$0.00
200030956,200033477,Retail,,"Mar 3, 2015 12:50:06 PM","Send as Gift",GIFT,1.0000,$0.00,$0.00,$0.00
200030957,200033479,Retail,,"Mar 3, 2015 1:10:10 PM","Blooming Bath Baby Bath",BLOOMINGBATH-TURQUOISE,1.0000,$39.99,$0.00,$0.00
200030957,200033479,Retail,,"Mar 3, 2015 1:10:10 PM","Blooming Bath Baby Bath - Turquoise",BLOOMINGBATH-TURQUOISE,1.0000,$0.00,$0.00,$0.00
250006699,250007029,Wholesale,3994,"Mar 3, 2015 1:35:56 PM","Blooming Bath Baby Bath - Canary Yellow",BLOOMINGBATH-YELLOW,40.0000,$800.00,$0.00,$0.00
250006700,250007030,Wholesale,3994,"Mar 3, 2015 1:35:57 PM","Blooming Bath Baby Bath - Canary Yellow",BLOOMINGBATH-YELLOW,24.0000,$480.00,$0.00,$0.00
250006701,250007031,Wholesale,3994,"Mar 3, 2015 1:35:58 PM","Blooming Bath Baby Bath - Canary Yellow",BLOOMINGBATH-YELLOW,4.0000,$80.00,$0.00,$0.00
250006702,250007032,Wholesale,3994,"Mar 3, 2015 1:35:59 PM","Blooming Bath Baby Bath - Canary Yellow",BLOOMINGBATH-YELLOW,16.0000,$320.00,$0.00,$0.00
250006703,250007026,Wholesale,3994,"Mar 3, 2015 1:36:00 PM","Blooming Bath Baby Bath - Canary Yellow",BLOOMINGBATH-YELLOW,40.0000,$800.00,$0.00,$0.00
250006704,250007027,Wholesale,3994,"Mar 3, 2015 1:36:00 PM","Blooming Bath Baby Bath - Canary Yellow",BLOOMINGBATH-YELLOW,32.0000,$640.00,$0.00,$0.00
250006705,250007028,Wholesale,3994,"Mar 3, 2015 1:36:01 PM","Blooming Bath Baby Bath - Canary Yellow",BLOOMINGBATH-YELLOW,76.0000,"$1,520.00",$0.00,$0.00
250006706,250007023,Wholesale,3994,"Mar 3, 2015 1:36:08 PM","Blooming Bath Baby Bath - Canary Yellow",BLOOMINGBATH-YELLOW,32.0000,$640.00,$0.00,$0.00
250006707,250007024,Wholesale,3994,"Mar 3, 2015 1:36:10 PM","Blooming Bath Baby Bath - Canary Yellow",BLOOMINGBATH-YELLOW,48.0000,$960.00,$0.00,$0.00
250006708,250007025,Wholesale,3994,"Mar 3, 2015 1:36:11 PM","Blooming Bath Baby Bath - Canary Yellow",BLOOMINGBATH-YELLOW,12.0000,$240.00,$0.00,$0.00
250006709,250007020,Wholesale,3994,"Mar 3, 2015 1:36:12 PM","Blooming Bath Baby Bath - Canary Yellow",BLOOMINGBATH-YELLOW,12.0000,$240.00,$0.00,$0.00
250006710,250007021,Wholesale,3994,"Mar 3, 2015 1:36:12 PM","Blooming Bath Baby Bath - Canary Yellow",BLOOMINGBATH-YELLOW,28.0000,$560.00,$0.00,$0.00
250006711,250007022,Wholesale,3994,"Mar 3, 2015 1:36:13 PM","Blooming Bath Baby Bath - Canary Yellow",BLOOMINGBATH-YELLOW,28.0000,$560.00,$0.00,$0.00
250006712,250007016,Wholesale,3994,"Mar 3, 2015 1:36:14 PM","Blooming Bath Baby Bath - Canary Yellow",BLOOMINGBATH-YELLOW,28.0000,$560.00,$0.00,$0.00
250006713,250007017,Wholesale,3994,"Mar 3, 2015 1:36:15 PM","Blooming Bath Baby Bath - Canary Yellow",BLOOMINGBATH-YELLOW,28.0000,$560.00,$0.00,$0.00
250006714,250007018,Wholesale,3994,"Mar 3, 2015 1:36:16 PM","Blooming Bath Baby Bath - Canary Yellow",BLOOMINGBATH-YELLOW,24.0000,$480.00,$0.00,$0.00
250006715,250007019,Wholesale,3994,"Mar 3, 2015 1:36:16 PM","Blooming Bath Baby Bath - Canary Yellow",BLOOMINGBATH-YELLOW,48.0000,$960.00,$0.00,$0.00
250006716,250007012,Wholesale,3994,"Mar 3, 2015 1:36:17 PM","Blooming Bath Baby Bath - Canary Yellow",BLOOMINGBATH-YELLOW,20.0000,$400.00,$0.00,$0.00
250006717,250007013,Wholesale,3994,"Mar 3, 2015 1:36:18 PM","Blooming Bath Baby Bath - Canary Yellow",BLOOMINGBATH-YELLOW,24.0000,$480.00,$0.00,$0.00
250006718,250007014,Wholesale,3994,"Mar 3, 2015 1:36:19 PM","Blooming Bath Baby Bath - Canary Yellow",BLOOMINGBATH-YELLOW,20.0000,$400.00,$0.00,$0.00
250006719,250007015,Wholesale,3994,"Mar 3, 2015 1:36:20 PM","Blooming Bath Baby Bath - Canary Yellow",BLOOMINGBATH-YELLOW,20.0000,$400.00,$0.00,$0.00
250006720,250007010,Wholesale,3994,"Mar 3, 2015 1:36:20 PM","Blooming Bath Baby Bath - Canary Yellow",BLOOMINGBATH-YELLOW,4.0000,$80.00,$0.00,$0.00
250006721,250007011,Wholesale,3994,"Mar 3, 2015 1:36:21 PM","Blooming Bath Baby Bath - Canary Yellow",BLOOMINGBATH-YELLOW,24.0000,$480.00,$0.00,$0.00
200030958,200033480,Retail,,"Mar 3, 2015 1:42:25 PM","Blooming Bath Bathing Kit",BLOOMINGBATH-KIT,1.0000,$59.99,$0.00,$0.00
200030958,200033480,Retail,,"Mar 3, 2015 1:42:25 PM","Blooming Bath Baby Bath - Green",BLOOMINGBATH-GREEN,1.0000,$0.00,$0.00,$0.00
200030958,200033480,Retail,,"Mar 3, 2015 1:42:25 PM","Petals Baby Bath Washcloths - Turquoise - 3 Pack",PETAL-WASHCLOTHS-3PK-TURQUOISE,1.0000,$0.00,$0.00,$0.00
200030958,200033480,Retail,,"Mar 3, 2015 1:42:25 PM","Burt's Bees Getting Started Kit",GETTING-STARTED-KIT,1.0000,$0.00,$0.00,$0.00
250006722,250007064,Wholesale,4865,"Mar 3, 2015 2:02:08 PM","Blooming Bath Baby Bath - Canary Yellow",BLOOMINGBATH-YELLOW,1.0000,$0.00,$0.00,$0.00
250006722,250007064,Wholesale,4865,"Mar 3, 2015 2:02:08 PM","Blooming Bath Baby Bath - Ivory",BLOOMINGBATH-IVORY,1.0000,$0.00,$0.00,$0.00
250006722,250007064,Wholesale,4865,"Mar 3, 2015 2:02:08 PM","Petals Baby Bath Washcloths - Turquoise - 3 Pack",PETAL-WASHCLOTHS-3PK-TURQUOISE,1.0000,$0.00,$0.00,$0.00
250006722,250007064,Wholesale,4865,"Mar 3, 2015 2:02:08 PM","Mini Bloom Scrubbie - Hot Pink ",MINI-BLOOM-HOT-PINK,1.0000,$0.00,$0.00,$0.00
200030959,200033482,Retail,,"Mar 3, 2015 3:03:31 PM","Blooming Bath Baby Bath",BLOOMINGBATH-TURQUOISE,1.0000,$39.99,$0.00,$0.00
200030959,200033482,Retail,,"Mar 3, 2015 3:03:31 PM","Blooming Bath Baby Bath - Turquoise",BLOOMINGBATH-TURQUOISE,1.0000,$0.00,$0.00,$0.00
200030959,200033482,Retail,,"Mar 3, 2015 3:03:31 PM","Mini Bloom Scrubbie - Turquoise",MINI-BLOOM-TURQUOISE,1.0000,$9.99,$0.00,$0.00
200030959,200033482,Retail,,"Mar 3, 2015 3:03:31 PM","Petals Baby Bath Washcloths - Turquoise - 3 Pack",PETAL-WASHCLOTHS-3PK-TURQUOISE,1.0000,$9.99,$0.00,$0.00
200030960,200033483,Retail,,"Mar 3, 2015 3:08:06 PM","Blooming Bath Baby Bath - Turquoise",BLOOMINGBATH-TURQUOISE,1.0000,$39.99,$0.00,$0.00
200030961,200033484,Retail,,"Mar 3, 2015 3:19:59 PM","Blooming Bath Baby Bath",BLOOMINGBATH-TURQUOISE,1.0000,$39.99,$0.00,$0.00
200030961,200033484,Retail,,"Mar 3, 2015 3:19:59 PM","Blooming Bath Baby Bath - Turquoise",BLOOMINGBATH-TURQUOISE,1.0000,$0.00,$0.00,$0.00
200030962,200033485,Retail,,"Mar 3, 2015 4:31:44 PM","Blooming Bath Baby Bath",BLOOMINGBATH-PINK,1.0000,$39.99,$4.00,$0.00
200030962,200033485,Retail,,"Mar 3, 2015 4:31:44 PM","Blooming Bath Baby Bath - Hot Pink",BLOOMINGBATH-PINK,1.0000,$0.00,$0.00,$0.00
200030963,200033486,Retail,,"Mar 3, 2015 4:55:26 PM","Blooming Bath Baby Bath",BLOOMINGBATH-GREEN,1.0000,$39.99,$0.00,$0.00
200030963,200033486,Retail,,"Mar 3, 2015 4:55:26 PM","Blooming Bath Baby Bath - Green",BLOOMINGBATH-GREEN,1.0000,$0.00,$0.00,$0.00
200030964,200033487,Retail,,"Mar 3, 2015 6:05:06 PM","Blooming Bath Bathing Kit",BLOOMINGBATH-KIT,1.0000,$59.99,$0.00,$0.00
200030964,200033487,Retail,,"Mar 3, 2015 6:05:06 PM","Blooming Bath Baby Bath - Hot Pink",BLOOMINGBATH-PINK,1.0000,$0.00,$0.00,$0.00
200030964,200033487,Retail,,"Mar 3, 2015 6:05:06 PM","Petals Baby Bath Washcloths - Hot Pink - 3 Pack",PETAL-WASHCLOTHS-3PK-PINK,1.0000,$0.00,$0.00,$0.00
200030964,200033487,Retail,,"Mar 3, 2015 6:05:06 PM","Burt's Bees Getting Started Kit",GETTING-STARTED-KIT,1.0000,$0.00,$0.00,$0.00
200030965,200033488,Retail,,"Mar 3, 2015 6:05:10 PM","Blooming Bath Baby Bath",BLOOMINGBATH-GREEN,1.0000,$39.99,$0.00,$0.00
200030965,200033488,Retail,,"Mar 3, 2015 6:05:10 PM","Blooming Bath Baby Bath - Green",BLOOMINGBATH-GREEN,1.0000,$0.00,$0.00,$0.00
200030965,200033488,Retail,,"Mar 3, 2015 6:05:10 PM","Send as Gift",GIFT,1.0000,$0.00,$0.00,$0.00
200030966,200033489,Retail,,"Mar 3, 2015 6:30:04 PM","Blooming Bath Baby Bath",BLOOMINGBATH-GREEN,1.0000,$39.99,$0.00,$0.00
200030966,200033489,Retail,,"Mar 3, 2015 6:30:04 PM","Blooming Bath Baby Bath - Green",BLOOMINGBATH-GREEN,1.0000,$0.00,$0.00,$0.00
200030967,200033491,Retail,,"Mar 3, 2015 7:51:10 PM","Blooming Bath Baby Bath",BLOOMINGBATH-IVORY,1.0000,$39.99,$0.00,$0.00
200030967,200033491,Retail,,"Mar 3, 2015 7:51:10 PM","Blooming Bath Baby Bath - Ivory",BLOOMINGBATH-IVORY,1.0000,$0.00,$0.00,$0.00
200030967,200033491,Retail,,"Mar 3, 2015 7:51:10 PM","Send as Gift",GIFT,1.0000,$0.00,$0.00,$0.00
200030968,200033492,Retail,,"Mar 3, 2015 10:13:43 PM","Blooming Bath Baby Bath",BLOOMINGBATH-GREEN,1.0000,$39.99,$0.00,$3.20
200030968,200033492,Retail,,"Mar 3, 2015 10:13:43 PM","Blooming Bath Baby Bath - Green",BLOOMINGBATH-GREEN,1.0000,$0.00,$0.00,$0.00
200030969,200033493,Retail,,"Mar 4, 2015 7:27:48 AM","Blooming Bath Baby Bath",BLOOMINGBATH-TURQUOISE,1.0000,$39.99,$0.00,$0.00
200030969,200033493,Retail,,"Mar 4, 2015 7:27:48 AM","Blooming Bath Baby Bath - Turquoise",BLOOMINGBATH-TURQUOISE,1.0000,$0.00,$0.00,$0.00
200030969,200033493,Retail,,"Mar 4, 2015 7:27:48 AM","Blooming Bath Baby Bath",BLOOMINGBATH-GREEN,1.0000,$39.99,$0.00,$0.00
200030969,200033493,Retail,,"Mar 4, 2015 7:27:48 AM","Blooming Bath Baby Bath - Green",BLOOMINGBATH-GREEN,1.0000,$0.00,$0.00,$0.00
200030970,200033494,Retail,,"Mar 4, 2015 9:04:25 AM","Blooming Bath Baby Bath",BLOOMINGBATH-PINK,1.0000,$39.99,$0.00,$0.00
200030970,200033494,Retail,,"Mar 4, 2015 9:04:25 AM","Blooming Bath Baby Bath - Hot Pink",BLOOMINGBATH-PINK,1.0000,$0.00,$0.00,$0.00
200030970,200033494,Retail,,"Mar 4, 2015 9:04:25 AM","Mini Bloom Scrubbie",MINI-BLOOM-HOT-PINK,1.0000,$9.99,$0.00,$0.00
200030970,200033494,Retail,,"Mar 4, 2015 9:04:25 AM","Mini Bloom Scrubbie - Hot Pink ",MINI-BLOOM-HOT-PINK,1.0000,$0.00,$0.00,$0.00
200030970,200033494,Retail,,"Mar 4, 2015 9:04:25 AM","Send as Gift",GIFT,1.0000,$0.00,$0.00,$0.00
200030971,200033496,Retail,,"Mar 4, 2015 11:27:59 AM","Blooming Bath Baby Bath",BLOOMINGBATH-PINK,1.0000,$39.99,$0.00,$0.00
200030971,200033496,Retail,,"Mar 4, 2015 11:27:59 AM","Blooming Bath Baby Bath - Hot Pink",BLOOMINGBATH-PINK,1.0000,$0.00,$0.00,$0.00
200030972,200033497,Retail,,"Mar 4, 2015 12:16:39 PM","Blooming Bath Baby Bath",BLOOMINGBATH-PINK,1.0000,$39.99,$0.00,$0.00
200030972,200033497,Retail,,"Mar 4, 2015 12:16:39 PM","Blooming Bath Baby Bath - Hot Pink",BLOOMINGBATH-PINK,1.0000,$0.00,$0.00,$0.00
200030973,200033498,Retail,,"Mar 4, 2015 1:15:00 PM","Blooming Bath Baby Bath",BLOOMINGBATH-PINK,1.0000,$39.99,$0.00,$0.00
200030973,200033498,Retail,,"Mar 4, 2015 1:15:00 PM","Blooming Bath Baby Bath - Hot Pink",BLOOMINGBATH-PINK,1.0000,$0.00,$0.00,$0.00
200030973,200033498,Retail,,"Mar 4, 2015 1:15:00 PM","Petals Baby Washcloths - 3 Pack",PETAL-WASHCLOTHS-3PK-TURQUOISE,1.0000,$9.99,$0.00,$0.00
200030973,200033498,Retail,,"Mar 4, 2015 1:15:00 PM","Petals Baby Bath Washcloths - Turquoise - 3 Pack",PETAL-WASHCLOTHS-3PK-TURQUOISE,1.0000,$0.00,$0.00,$0.00
200030974,200033499,Retail,1229,"Mar 4, 2015 1:40:18 PM","Blooming Bath Baby Bath - Turquoise",BLOOMINGBATH-TURQUOISE,40.0000,$0.00,$0.00,$0.00
200030975,200033500,Retail,1229,"Mar 4, 2015 1:41:16 PM","Blooming Bath Baby Bath - Turquoise",BLOOMINGBATH-TURQUOISE,96.0000,$0.00,$0.00,$0.00
200030975,200033500,Retail,1229,"Mar 4, 2015 1:41:16 PM","Blooming Bath Baby Bath - Hot Pink",BLOOMINGBATH-PINK,96.0000,$0.00,$0.00,$0.00
200030975,200033500,Retail,1229,"Mar 4, 2015 1:41:16 PM","Blooming Bath Baby Bath - Canary Yellow",BLOOMINGBATH-YELLOW,96.0000,$0.00,$0.00,$0.00
200030976,200033501,Retail,,"Mar 4, 2015 2:32:03 PM","Blooming Bath Baby Bath - Canary Yellow",BLOOMINGBATH-YELLOW,1.0000,$39.99,$0.00,$0.00
200030977,200033502,Retail,,"Mar 4, 2015 3:14:34 PM","Mini Bloom Scrubbie",MINI-BLOOM-CANARY-YELLOW,1.0000,$9.99,$0.00,$0.80
200030977,200033502,Retail,,"Mar 4, 2015 3:14:34 PM","Mini Bloom Scrubbie - Canary Yellow",MINI-BLOOM-CANARY-YELLOW,1.0000,$0.00,$0.00,$0.00
200030977,200033502,Retail,,"Mar 4, 2015 3:14:34 PM","Petals Baby Washcloths - 3 Pack",PETAL-WASHCLOTHS-3PK-YELLOW,1.0000,$9.99,$0.00,$0.80
200030977,200033502,Retail,,"Mar 4, 2015 3:14:34 PM","Petals Baby Bath Washcloths - Canary Yellow - 3 Pack",PETAL-WASHCLOTHS-3PK-YELLOW,1.0000,$0.00,$0.00,$0.00
200030977,200033502,Retail,,"Mar 4, 2015 3:14:34 PM","Blooming Bath Baby Bath",BLOOMINGBATH-YELLOW,1.0000,$39.99,$0.00,$3.20
200030977,200033502,Retail,,"Mar 4, 2015 3:14:34 PM","Blooming Bath Baby Bath - Canary Yellow",BLOOMINGBATH-YELLOW,1.0000,$0.00,$0.00,$0.00
200030978,200033503,Retail,,"Mar 4, 2015 4:27:38 PM","Blooming Bath Baby Bath",BLOOMINGBATH-YELLOW,1.0000,$39.99,$0.00,$0.00
200030978,200033503,Retail,,"Mar 4, 2015 4:27:38 PM","Blooming Bath Baby Bath - Canary Yellow",BLOOMINGBATH-YELLOW,1.0000,$0.00,$0.00,$0.00
200030979,200033504,Retail,,"Mar 4, 2015 6:54:29 PM","Blooming Bath Baby Bath",BLOOMINGBATH-YELLOW,1.0000,$39.99,$0.00,$0.00
200030979,200033504,Retail,,"Mar 4, 2015 6:54:29 PM","Blooming Bath Baby Bath - Canary Yellow",BLOOMINGBATH-YELLOW,1.0000,$0.00,$0.00,$0.00
200030980,200033505,Retail,,"Mar 4, 2015 7:11:17 PM","Blooming Bath Baby Bath",BLOOMINGBATH-GREEN,1.0000,$39.99,$0.00,$0.00
200030980,200033505,Retail,,"Mar 4, 2015 7:11:17 PM","Blooming Bath Baby Bath - Green",BLOOMINGBATH-GREEN,1.0000,$0.00,$0.00,$0.00
200030981,200033506,Retail,,"Mar 4, 2015 7:44:20 PM","Blooming Bath Baby Bath",BLOOMINGBATH-TURQUOISE,1.0000,$39.99,$0.00,$0.00
200030981,200033506,Retail,,"Mar 4, 2015 7:44:20 PM","Blooming Bath Baby Bath - Turquoise",BLOOMINGBATH-TURQUOISE,1.0000,$0.00,$0.00,$0.00
200030982,200033507,Retail,,"Mar 4, 2015 7:52:46 PM","Blooming Bath Baby Bath",BLOOMINGBATH-TURQUOISE,1.0000,$39.99,$0.00,$0.00
200030982,200033507,Retail,,"Mar 4, 2015 7:52:46 PM","Blooming Bath Baby Bath - Turquoise",BLOOMINGBATH-TURQUOISE,1.0000,$0.00,$0.00,$0.00
200030983,200033508,Retail,4869,"Mar 4, 2015 10:57:31 PM","Blooming Bath Baby Bath - Turquoise",BLOOMINGBATH-TURQUOISE,1.0000,$39.99,$0.00,$0.00
200030983,200033508,Retail,4869,"Mar 4, 2015 10:57:31 PM","Mini Bloom Scrubbie",MINI-BLOOM-TURQUOISE,1.0000,$9.99,$0.00,$0.00
200030983,200033508,Retail,4869,"Mar 4, 2015 10:57:31 PM","Mini Bloom Scrubbie - Turquoise",MINI-BLOOM-TURQUOISE,1.0000,$0.00,$0.00,$0.00
200030983,200033508,Retail,4869,"Mar 4, 2015 10:57:31 PM","Send as Gift",GIFT,1.0000,$0.00,$0.00,$0.00
200030984,200033509,Retail,,"Mar 5, 2015 12:08:40 AM","Blooming Bath Baby Bath",BLOOMINGBATH-PINK,1.0000,$39.99,$4.00,$0.00
200030984,200033509,Retail,,"Mar 5, 2015 12:08:40 AM","Blooming Bath Baby Bath - Hot Pink",BLOOMINGBATH-PINK,1.0000,$0.00,$0.00,$0.00
200030985,200033510,Retail,,"Mar 5, 2015 5:24:58 AM","Blooming Bath Baby Bath",BLOOMINGBATH-TURQUOISE,1.0000,$39.99,$0.00,$0.00
200030985,200033510,Retail,,"Mar 5, 2015 5:24:58 AM","Blooming Bath Baby Bath - Turquoise",BLOOMINGBATH-TURQUOISE,1.0000,$0.00,$0.00,$0.00
200030986,200033511,Retail,,"Mar 5, 2015 10:41:40 AM","Blooming Bath Baby Bath",BLOOMINGBATH-PINK,1.0000,$39.99,$4.00,$0.00
200030986,200033511,Retail,,"Mar 5, 2015 10:41:40 AM","Blooming Bath Baby Bath - Hot Pink",BLOOMINGBATH-PINK,1.0000,$0.00,$0.00,$0.00
200030986,200033511,Retail,,"Mar 5, 2015 10:41:40 AM","Mini Bloom Scrubbie",MINI-BLOOM-HOT-PINK,1.0000,$9.99,$1.00,$0.00
200030986,200033511,Retail,,"Mar 5, 2015 10:41:40 AM","Mini Bloom Scrubbie - Hot Pink ",MINI-BLOOM-HOT-PINK,1.0000,$0.00,$0.00,$0.00
200030987,200033512,Retail,,"Mar 5, 2015 11:13:25 AM","Blooming Bath Baby Bath",BLOOMINGBATH-PINK,1.0000,$39.99,$0.00,$0.00
200030987,200033512,Retail,,"Mar 5, 2015 11:13:25 AM","Blooming Bath Baby Bath - Hot Pink",BLOOMINGBATH-PINK,1.0000,$0.00,$0.00,$0.00
200030988,200033513,Retail,,"Mar 5, 2015 12:13:05 PM","Blooming Bath Baby Bath",BLOOMINGBATH-PINK,1.0000,$39.99,$0.00,$0.00
200030988,200033513,Retail,,"Mar 5, 2015 12:13:05 PM","Blooming Bath Baby Bath - Hot Pink",BLOOMINGBATH-PINK,1.0000,$0.00,$0.00,$0.00
250006723,250007074,Wholesale,1587,"Mar 5, 2015 1:22:26 PM","Blooming Bath Baby Bath - Turquoise - Case (4 Pack)",BLOOMINGBATH-TURQUOISE-CASE,2.0000,$160.00,$0.00,$0.00
250006723,250007074,Wholesale,1587,"Mar 5, 2015 1:22:26 PM","Blooming Bath Baby Bath - Turquoise",BLOOMINGBATH-TURQUOISE,8.0000,$0.00,$0.00,$0.00
250006723,250007074,Wholesale,1587,"Mar 5, 2015 1:22:26 PM","Blooming Bath Baby Bath - Canary Yellow - Case (4 Pack)",BLOOMINGBATH-YELLOW-CASE,1.0000,$80.00,$0.00,$0.00
250006723,250007074,Wholesale,1587,"Mar 5, 2015 1:22:26 PM","Blooming Bath Baby Bath - Canary Yellow",BLOOMINGBATH-YELLOW,4.0000,$0.00,$0.00,$0.00
250006723,250007074,Wholesale,1587,"Mar 5, 2015 1:22:26 PM","Blooming Bath Baby Bath - Hot Pink - Case (4 Pack)",BLOOMINGBATH-PINK-CASE,2.0000,$160.00,$0.00,$0.00
250006723,250007074,Wholesale,1587,"Mar 5, 2015 1:22:26 PM","Blooming Bath Baby Bath - Hot Pink",BLOOMINGBATH-PINK,8.0000,$0.00,$0.00,$0.00
200030989,200033514,Retail,4870,"Mar 5, 2015 1:25:16 PM","Blooming Bath Bathing Kit",BLOOMINGBATH-KIT,1.0000,$59.99,$0.00,$0.00
200030989,200033514,Retail,4870,"Mar 5, 2015 1:25:16 PM","Blooming Bath Baby Bath - Hot Pink",BLOOMINGBATH-PINK,1.0000,$0.00,$0.00,$0.00
200030989,200033514,Retail,4870,"Mar 5, 2015 1:25:16 PM","Petals Baby Bath Washcloths - Turquoise - 3 Pack",PETAL-WASHCLOTHS-3PK-TURQUOISE,1.0000,$0.00,$0.00,$0.00
200030989,200033514,Retail,4870,"Mar 5, 2015 1:25:16 PM","Burt's Bees Getting Started Kit",GETTING-STARTED-KIT,1.0000,$0.00,$0.00,$0.00
200030990,200033515,Retail,,"Mar 5, 2015 2:13:01 PM","Blooming Bath Bathing Kit",BLOOMINGBATH-KIT,1.0000,$59.99,$0.00,$0.00
200030990,200033515,Retail,,"Mar 5, 2015 2:13:01 PM","Blooming Bath Baby Bath - Canary Yellow",BLOOMINGBATH-YELLOW,1.0000,$0.00,$0.00,$0.00
200030990,200033515,Retail,,"Mar 5, 2015 2:13:01 PM","Petals Baby Bath Washcloths - Canary Yellow - 3 Pack",PETAL-WASHCLOTHS-3PK-YELLOW,1.0000,$0.00,$0.00,$0.00
200030990,200033515,Retail,,"Mar 5, 2015 2:13:01 PM","Burt's Bees Getting Started Kit",GETTING-STARTED-KIT,1.0000,$0.00,$0.00,$0.00
200030991,200033516,Retail,,"Mar 5, 2015 3:01:49 PM","Blooming Bath Baby Bath",BLOOMINGBATH-GREEN,1.0000,$39.99,$0.00,$0.00
200030991,200033516,Retail,,"Mar 5, 2015 3:01:49 PM","Blooming Bath Baby Bath - Green",BLOOMINGBATH-GREEN,1.0000,$0.00,$0.00,$0.00
200030992,200033517,Retail,4871,"Mar 5, 2015 3:12:57 PM","Blooming Bath Baby Bath",BLOOMINGBATH-PINK,1.0000,$39.99,$0.00,$0.00
200030992,200033517,Retail,4871,"Mar 5, 2015 3:12:57 PM","Blooming Bath Baby Bath - Hot Pink",BLOOMINGBATH-PINK,1.0000,$0.00,$0.00,$0.00
200030992,200033517,Retail,4871,"Mar 5, 2015 3:12:57 PM","Mini Bloom Scrubbie",MINI-BLOOM-TURQUOISE,1.0000,$9.99,$0.00,$0.00
200030992,200033517,Retail,4871,"Mar 5, 2015 3:12:57 PM","Mini Bloom Scrubbie - Turquoise",MINI-BLOOM-TURQUOISE,1.0000,$0.00,$0.00,$0.00
200030992,200033517,Retail,4871,"Mar 5, 2015 3:12:57 PM","Send as Gift",GIFT,1.0000,$0.00,$0.00,$0.00
200030993,200033518,Retail,,"Mar 5, 2015 3:34:29 PM","Blooming Bath Bathing Kit",BLOOMINGBATH-KIT,1.0000,$59.99,$0.00,$4.80
200030993,200033518,Retail,,"Mar 5, 2015 3:34:29 PM","Blooming Bath Baby Bath - Green",BLOOMINGBATH-GREEN,1.0000,$0.00,$0.00,$0.00
200030993,200033518,Retail,,"Mar 5, 2015 3:34:29 PM","Petals Baby Bath Washcloths - Canary Yellow - 3 Pack",PETAL-WASHCLOTHS-3PK-YELLOW,1.0000,$0.00,$0.00,$0.00
200030993,200033518,Retail,,"Mar 5, 2015 3:34:29 PM","Burt's Bees Getting Started Kit",GETTING-STARTED-KIT,1.0000,$0.00,$0.00,$0.00
200030994,200033519,Retail,,"Mar 5, 2015 5:24:02 PM","Blooming Bath Baby Bath",BLOOMINGBATH-TURQUOISE,1.0000,$39.99,$4.00,$0.00
200030994,200033519,Retail,,"Mar 5, 2015 5:24:02 PM","Blooming Bath Baby Bath - Turquoise",BLOOMINGBATH-TURQUOISE,1.0000,$0.00,$0.00,$0.00
200030995,200033520,Retail,,"Mar 5, 2015 5:51:19 PM","Blooming Bath Bathing Kit",BLOOMINGBATH-KIT,1.0000,$59.99,$0.00,$0.00
200030995,200033520,Retail,,"Mar 5, 2015 5:51:19 PM","Blooming Bath Baby Bath - Canary Yellow",BLOOMINGBATH-YELLOW,1.0000,$0.00,$0.00,$0.00
200030995,200033520,Retail,,"Mar 5, 2015 5:51:19 PM","Mini Bloom Scrubbie - Canary Yellow",MINI-BLOOM-CANARY-YELLOW,1.0000,$0.00,$0.00,$0.00
200030995,200033520,Retail,,"Mar 5, 2015 5:51:19 PM","Burt's Bees Getting Started Kit",GETTING-STARTED-KIT,1.0000,$0.00,$0.00,$0.00
200030996,200033521,Retail,,"Mar 5, 2015 7:18:53 PM","Blooming Bath Baby Bath",BLOOMINGBATH-GREEN,1.0000,$39.99,$0.00,$3.20
200030996,200033521,Retail,,"Mar 5, 2015 7:18:53 PM","Blooming Bath Baby Bath - Green",BLOOMINGBATH-GREEN,1.0000,$0.00,$0.00,$0.00
200030996,200033521,Retail,,"Mar 5, 2015 7:18:53 PM","Send as Gift",GIFT,1.0000,$0.00,$0.00,$0.00
200030997,200033522,Retail,,"Mar 5, 2015 7:27:38 PM","Blooming Bath Baby Bath",BLOOMINGBATH-PINK,1.0000,$39.99,$0.00,$0.00
200030997,200033522,Retail,,"Mar 5, 2015 7:27:38 PM","Blooming Bath Baby Bath - Hot Pink",BLOOMINGBATH-PINK,1.0000,$0.00,$0.00,$0.00
200030997,200033522,Retail,,"Mar 5, 2015 7:27:38 PM","Send as Gift",GIFT,1.0000,$0.00,$0.00,$0.00
200030998,200033523,Retail,,"Mar 5, 2015 8:04:37 PM","Blooming Bath Baby Bath",BLOOMINGBATH-YELLOW,1.0000,$39.99,$0.00,$0.00
200030998,200033523,Retail,,"Mar 5, 2015 8:04:37 PM","Blooming Bath Baby Bath - Canary Yellow",BLOOMINGBATH-YELLOW,1.0000,$0.00,$0.00,$0.00
200030998,200033523,Retail,,"Mar 5, 2015 8:04:37 PM","Send as Gift",GIFT,1.0000,$0.00,$0.00,$0.00
250006724,250007073,Wholesale,1115,"Mar 6, 2015 8:45:07 AM","Blooming Bath Baby Bath - Canary Yellow",BLOOMINGBATH-YELLOW,12.0000,$240.00,$0.00,$0.00
250006724,250007073,Wholesale,1115,"Mar 6, 2015 8:45:07 AM","Blooming Bath Baby Bath - Turquoise",BLOOMINGBATH-TURQUOISE,8.0000,$160.00,$0.00,$0.00
250006724,250007073,Wholesale,1115,"Mar 6, 2015 8:45:07 AM","Blooming Bath Baby Bath - Hot Pink",BLOOMINGBATH-PINK,8.0000,$160.00,$0.00,$0.00
250006725,250007070,Wholesale,1115,"Mar 6, 2015 8:45:08 AM","Blooming Bath Baby Bath - Canary Yellow",BLOOMINGBATH-YELLOW,12.0000,$240.00,$0.00,$0.00
250006725,250007070,Wholesale,1115,"Mar 6, 2015 8:45:08 AM","Blooming Bath Baby Bath - Turquoise",BLOOMINGBATH-TURQUOISE,16.0000,$320.00,$0.00,$0.00
250006726,250007069,Wholesale,1115,"Mar 6, 2015 8:45:09 AM","Blooming Bath Baby Bath - Hot Pink",BLOOMINGBATH-PINK,4.0000,$80.00,$0.00,$0.00
250006727,250007068,Wholesale,1115,"Mar 6, 2015 8:45:10 AM","Blooming Bath Baby Bath - Hot Pink",BLOOMINGBATH-PINK,4.0000,$80.00,$0.00,$0.00
250006728,250007066,Wholesale,1115,"Mar 6, 2015 8:45:11 AM","Blooming Bath Baby Bath - Hot Pink",BLOOMINGBATH-PINK,4.0000,$80.00,$0.00,$0.00
250006728,250007066,Wholesale,1115,"Mar 6, 2015 8:45:11 AM","Blooming Bath Baby Bath - Daisy",BLOOMINGBATH-DAISY,20.0000,$400.00,$0.00,$0.00
250006729,250007067,Wholesale,1115,"Mar 6, 2015 8:45:11 AM","Blooming Bath Baby Bath - Hot Pink",BLOOMINGBATH-PINK,4.0000,$80.00,$0.00,$0.00
250006730,250007063,Wholesale,3994,"Mar 6, 2015 8:45:12 AM","Blooming Bath Baby Bath - Turquoise",BLOOMINGBATH-TURQUOISE,172.0000,"$3,440.00",$0.00,$0.00
250006730,250007063,Wholesale,3994,"Mar 6, 2015 8:45:12 AM","Blooming Bath Baby Bath - Hot Pink",BLOOMINGBATH-PINK,4.0000,$80.00,$0.00,$0.00
250006731,250007062,Wholesale,3994,"Mar 6, 2015 8:45:13 AM","Blooming Bath Baby Bath - Hot Pink",BLOOMINGBATH-PINK,52.0000,"$1,040.00",$0.00,$0.00
200030999,200033524,Retail,,"Mar 6, 2015 8:49:39 AM","Blooming Bath Baby Bath",BLOOMINGBATH-GREEN,1.0000,$39.99,$0.00,$0.00
200030999,200033524,Retail,,"Mar 6, 2015 8:49:39 AM","Blooming Bath Baby Bath - Green",BLOOMINGBATH-GREEN,1.0000,$0.00,$0.00,$0.00
250006732,250007075,Wholesale,4081,"Mar 6, 2015 9:25:32 AM","Blooming Bath Baby Bath - Canary Yellow - Case (4 Pack)",BLOOMINGBATH-YELLOW-CASE,1.0000,$80.00,$0.00,$0.00
250006732,250007075,Wholesale,4081,"Mar 6, 2015 9:25:32 AM","Blooming Bath Baby Bath - Canary Yellow",BLOOMINGBATH-YELLOW,4.0000,$0.00,$0.00,$0.00
250006732,250007075,Wholesale,4081,"Mar 6, 2015 9:25:32 AM","Blooming Bath Baby Bath - Hot Pink - Case (4 Pack)",BLOOMINGBATH-PINK-CASE,1.0000,$80.00,$0.00,$0.00
250006732,250007075,Wholesale,4081,"Mar 6, 2015 9:25:32 AM","Blooming Bath Baby Bath - Hot Pink",BLOOMINGBATH-PINK,4.0000,$0.00,$0.00,$0.00
200031000,200033525,Retail,4872,"Mar 6, 2015 9:48:08 AM","Blooming Bath Baby Bath",BLOOMINGBATH-GREEN,1.0000,$39.99,$0.00,$0.00
200031000,200033525,Retail,4872,"Mar 6, 2015 9:48:08 AM","Blooming Bath Baby Bath - Green",BLOOMINGBATH-GREEN,1.0000,$0.00,$0.00,$0.00
200031001,200033526,Retail,,"Mar 6, 2015 10:01:46 AM","Blooming Bath Baby Bath",BLOOMINGBATH-TURQUOISE,1.0000,$39.99,$0.00,$0.00
200031001,200033526,Retail,,"Mar 6, 2015 10:01:46 AM","Blooming Bath Baby Bath - Turquoise",BLOOMINGBATH-TURQUOISE,1.0000,$0.00,$0.00,$0.00
200031002,200033527,Retail,,"Mar 6, 2015 10:10:13 AM","Blooming Bath Baby Bath",BLOOMINGBATH-PINK,1.0000,$39.99,$4.00,$0.00
200031002,200033527,Retail,,"Mar 6, 2015 10:10:13 AM","Blooming Bath Baby Bath - Hot Pink",BLOOMINGBATH-PINK,1.0000,$0.00,$0.00,$0.00
200031002,200033527,Retail,,"Mar 6, 2015 10:10:13 AM","Send as Gift",GIFT,1.0000,$0.00,$0.00,$0.00
200031003,200033528,Retail,4873,"Mar 6, 2015 10:16:19 AM","Blooming Bath Baby Bath",BLOOMINGBATH-IVORY,2.0000,$79.98,$7.99,$0.00
200031003,200033528,Retail,4873,"Mar 6, 2015 10:16:19 AM","Blooming Bath Baby Bath - Ivory",BLOOMINGBATH-IVORY,2.0000,$0.00,$0.00,$0.00
200031003,200033528,Retail,4873,"Mar 6, 2015 10:16:19 AM","Mini Bloom Scrubbie",MINI-BLOOM-HOT-PINK,1.0000,$9.99,$1.00,$0.00
200031003,200033528,Retail,4873,"Mar 6, 2015 10:16:19 AM","Mini Bloom Scrubbie - Hot Pink ",MINI-BLOOM-HOT-PINK,1.0000,$0.00,$0.00,$0.00
200031003,200033528,Retail,4873,"Mar 6, 2015 10:16:19 AM","Mini Bloom Scrubbie",MINI-BLOOM-TURQUOISE,1.0000,$9.99,$1.00,$0.00
200031003,200033528,Retail,4873,"Mar 6, 2015 10:16:19 AM","Mini Bloom Scrubbie - Turquoise",MINI-BLOOM-TURQUOISE,1.0000,$0.00,$0.00,$0.00
200031004,200033529,Retail,,"Mar 6, 2015 10:27:31 AM","Blooming Bath Baby Bath",BLOOMINGBATH-YELLOW,1.0000,$39.99,$0.00,$0.00
200031004,200033529,Retail,,"Mar 6, 2015 10:27:31 AM","Blooming Bath Baby Bath - Canary Yellow",BLOOMINGBATH-YELLOW,1.0000,$0.00,$0.00,$0.00
200031005,200033530,Retail,,"Mar 6, 2015 10:52:46 AM","Blooming Bath Baby Bath",BLOOMINGBATH-TURQUOISE,1.0000,$39.99,$0.00,$3.20
200031005,200033530,Retail,,"Mar 6, 2015 10:52:46 AM","Blooming Bath Baby Bath - Turquoise",BLOOMINGBATH-TURQUOISE,1.0000,$0.00,$0.00,$0.00
200031006,200033531,Retail,,"Mar 6, 2015 11:11:22 AM","Blooming Bath Baby Bath",BLOOMINGBATH-TURQUOISE,1.0000,$39.99,$0.00,$0.00
200031006,200033531,Retail,,"Mar 6, 2015 11:11:22 AM","Blooming Bath Baby Bath - Turquoise",BLOOMINGBATH-TURQUOISE,1.0000,$0.00,$0.00,$0.00
200031006,200033531,Retail,,"Mar 6, 2015 11:11:22 AM","Send as Gift",GIFT,1.0000,$0.00,$0.00,$0.00
200031007,200033532,Retail,,"Mar 6, 2015 11:35:58 AM","Blooming Bath Bathing Kit",BLOOMINGBATH-KIT,1.0000,$59.99,$0.00,$0.00
200031007,200033532,Retail,,"Mar 6, 2015 11:35:58 AM","Blooming Bath Baby Bath - Hot Pink",BLOOMINGBATH-PINK,1.0000,$0.00,$0.00,$0.00
200031007,200033532,Retail,,"Mar 6, 2015 11:35:58 AM","Mini Bloom Scrubbie - Hot Pink ",MINI-BLOOM-HOT-PINK,1.0000,$0.00,$0.00,$0.00
200031007,200033532,Retail,,"Mar 6, 2015 11:35:58 AM","Burt's Bees Getting Started Kit",GETTING-STARTED-KIT,1.0000,$0.00,$0.00,$0.00
200031008,200033533,Retail,,"Mar 6, 2015 12:08:53 PM","Blooming Bath Baby Bath",BLOOMINGBATH-TURQUOISE,1.0000,$39.99,$0.00,$0.00
200031008,200033533,Retail,,"Mar 6, 2015 12:08:53 PM","Blooming Bath Baby Bath - Turquoise",BLOOMINGBATH-TURQUOISE,1.0000,$0.00,$0.00,$0.00
200031009,200033534,Retail,,"Mar 6, 2015 1:46:23 PM","Blooming Bath Baby Bath",BLOOMINGBATH-PINK,1.0000,$39.99,$0.00,$0.00
200031009,200033534,Retail,,"Mar 6, 2015 1:46:23 PM","Blooming Bath Baby Bath - Hot Pink",BLOOMINGBATH-PINK,1.0000,$0.00,$0.00,$0.00
250006733,250007092,Wholesale,2104,"Mar 6, 2015 1:51:43 PM","Blooming Bath Baby Bath - Hot Pink",BLOOMINGBATH-PINK,32.0000,$640.00,$0.00,$0.00
200031010,200033535,Retail,,"Mar 6, 2015 5:13:48 PM","Blooming Bath Bathing Kit",BLOOMINGBATH-KIT,1.0000,$59.99,$0.00,$0.00
200031010,200033535,Retail,,"Mar 6, 2015 5:13:48 PM","Blooming Bath Baby Bath - Canary Yellow",BLOOMINGBATH-YELLOW,1.0000,$0.00,$0.00,$0.00
200031010,200033535,Retail,,"Mar 6, 2015 5:13:48 PM","Petals Baby Bath Washcloths - Turquoise - 3 Pack",PETAL-WASHCLOTHS-3PK-TURQUOISE,1.0000,$0.00,$0.00,$0.00
200031010,200033535,Retail,,"Mar 6, 2015 5:13:48 PM","Burt's Bees Getting Started Kit",GETTING-STARTED-KIT,1.0000,$0.00,$0.00,$0.00
200031011,200033536,Retail,,"Mar 6, 2015 6:19:08 PM","Blooming Bath Baby Bath",BLOOMINGBATH-TURQUOISE,1.0000,$39.99,$0.00,$0.00
200031011,200033536,Retail,,"Mar 6, 2015 6:19:08 PM","Blooming Bath Baby Bath - Turquoise",BLOOMINGBATH-TURQUOISE,1.0000,$0.00,$0.00,$0.00
200031012,200033537,Retail,,"Mar 6, 2015 8:39:11 PM","Blooming Bath Baby Bath",BLOOMINGBATH-PINK,1.0000,$39.99,$0.00,$0.00
200031012,200033537,Retail,,"Mar 6, 2015 8:39:11 PM","Blooming Bath Baby Bath - Hot Pink",BLOOMINGBATH-PINK,1.0000,$0.00,$0.00,$0.00
200031013,200033538,Retail,,"Mar 6, 2015 9:26:59 PM","Blooming Bath Baby Bath",BLOOMINGBATH-PINK,1.0000,$39.99,$0.00,$0.00
200031013,200033538,Retail,,"Mar 6, 2015 9:26:59 PM","Blooming Bath Baby Bath - Hot Pink",BLOOMINGBATH-PINK,1.0000,$0.00,$0.00,$0.00
200031013,200033538,Retail,,"Mar 6, 2015 9:26:59 PM","Send as Gift",GIFT,1.0000,$0.00,$0.00,$0.00
200031014,200033539,Retail,,"Mar 6, 2015 9:46:55 PM","Blooming Bath Baby Bath",BLOOMINGBATH-GREEN,1.0000,$39.99,$4.00,$0.00
200031014,200033539,Retail,,"Mar 6, 2015 9:46:55 PM","Blooming Bath Baby Bath - Green",BLOOMINGBATH-GREEN,1.0000,$0.00,$0.00,$0.00
200031015,200033540,Retail,,"Mar 6, 2015 11:29:00 PM","Blooming Bath Baby Bath",BLOOMINGBATH-PINK,1.0000,$39.99,$0.00,$0.00
200031015,200033540,Retail,,"Mar 6, 2015 11:29:00 PM","Blooming Bath Baby Bath - Hot Pink",BLOOMINGBATH-PINK,1.0000,$0.00,$0.00,$0.00
200031016,200033541,Retail,,"Mar 7, 2015 8:34:57 AM","Blooming Bath Baby Bath",BLOOMINGBATH-YELLOW,1.0000,$39.99,$0.00,$0.00
200031016,200033541,Retail,,"Mar 7, 2015 8:34:57 AM","Blooming Bath Baby Bath - Canary Yellow",BLOOMINGBATH-YELLOW,1.0000,$0.00,$0.00,$0.00
200031016,200033541,Retail,,"Mar 7, 2015 8:34:57 AM","Send as Gift",GIFT,1.0000,$0.00,$0.00,$0.00
200031017,200033542,Retail,,"Mar 7, 2015 8:43:36 AM","Blooming Bath Baby Bath",BLOOMINGBATH-TURQUOISE,1.0000,$39.99,$0.00,$0.00
200031017,200033542,Retail,,"Mar 7, 2015 8:43:36 AM","Blooming Bath Baby Bath - Turquoise",BLOOMINGBATH-TURQUOISE,1.0000,$0.00,$0.00,$0.00
200031018,200033543,Retail,,"Mar 7, 2015 8:50:34 AM","Blooming Bath Baby Bath",BLOOMINGBATH-GREEN,1.0000,$39.99,$0.00,$0.00
200031018,200033543,Retail,,"Mar 7, 2015 8:50:34 AM","Blooming Bath Baby Bath - Green",BLOOMINGBATH-GREEN,1.0000,$0.00,$0.00,$0.00
200031019,200033544,Retail,,"Mar 7, 2015 9:12:11 AM","Blooming Bath Bathing Kit",BLOOMINGBATH-KIT,2.0000,$119.98,$0.00,$0.00
200031019,200033544,Retail,,"Mar 7, 2015 9:12:11 AM","Blooming Bath Baby Bath - Canary Yellow",BLOOMINGBATH-YELLOW,2.0000,$0.00,$0.00,$0.00
200031019,200033544,Retail,,"Mar 7, 2015 9:12:11 AM","Mini Bloom Scrubbie - Canary Yellow",MINI-BLOOM-CANARY-YELLOW,2.0000,$0.00,$0.00,$0.00
200031019,200033544,Retail,,"Mar 7, 2015 9:12:11 AM","Burt's Bees Getting Started Kit",GETTING-STARTED-KIT,2.0000,$0.00,$0.00,$0.00
200031020,200033545,Retail,4875,"Mar 7, 2015 10:52:53 AM","Blooming Bath Baby Bath",BLOOMINGBATH-TURQUOISE,1.0000,$39.99,$0.00,$3.20
200031020,200033545,Retail,4875,"Mar 7, 2015 10:52:53 AM","Blooming Bath Baby Bath - Turquoise",BLOOMINGBATH-TURQUOISE,1.0000,$0.00,$0.00,$0.00
200031020,200033545,Retail,4875,"Mar 7, 2015 10:52:53 AM","Send as Gift",GIFT,1.0000,$0.00,$0.00,$0.00
200031021,200033546,Retail,,"Mar 7, 2015 2:15:45 PM","Blooming Bath Baby Bath",BLOOMINGBATH-YELLOW,1.0000,$39.99,$0.00,$0.00
200031021,200033546,Retail,,"Mar 7, 2015 2:15:45 PM","Blooming Bath Baby Bath - Canary Yellow",BLOOMINGBATH-YELLOW,1.0000,$0.00,$0.00,$0.00
200031022,200033547,Retail,,"Mar 7, 2015 2:40:20 PM","Blooming Bath Baby Bath",BLOOMINGBATH-IVORY,1.0000,$39.99,$0.00,$0.00
200031022,200033547,Retail,,"Mar 7, 2015 2:40:20 PM","Blooming Bath Baby Bath - Ivory",BLOOMINGBATH-IVORY,1.0000,$0.00,$0.00,$0.00
200031023,200033549,Retail,,"Mar 7, 2015 5:39:18 PM","Blooming Bath Baby Bath",BLOOMINGBATH-PINK,1.0000,$39.99,$4.00,$2.88
200031023,200033549,Retail,,"Mar 7, 2015 5:39:18 PM","Blooming Bath Baby Bath - Hot Pink",BLOOMINGBATH-PINK,1.0000,$0.00,$0.00,$0.00
200031024,200033550,Retail,,"Mar 8, 2015 1:01:34 AM","Blooming Bath Baby Bath - Turquoise",BLOOMINGBATH-TURQUOISE,1.0000,$39.99,$0.00,$0.00
200031024,200033550,Retail,,"Mar 8, 2015 1:01:34 AM","Send as Gift",GIFT,1.0000,$0.00,$0.00,$0.00
200031025,200033551,Retail,,"Mar 8, 2015 6:13:33 AM","Blooming Bath Baby Bath",BLOOMINGBATH-GREEN,1.0000,$39.99,$0.00,$0.00
200031025,200033551,Retail,,"Mar 8, 2015 6:13:33 AM","Blooming Bath Baby Bath - Green",BLOOMINGBATH-GREEN,1.0000,$0.00,$0.00,$0.00
200031025,200033551,Retail,,"Mar 8, 2015 6:13:33 AM","Petals Baby Washcloths - 3 Pack",PETAL-WASHCLOTHS-3PK-YELLOW,1.0000,$9.99,$0.00,$0.00
200031025,200033551,Retail,,"Mar 8, 2015 6:13:33 AM","Petals Baby Bath Washcloths - Canary Yellow - 3 Pack",PETAL-WASHCLOTHS-3PK-YELLOW,1.0000,$0.00,$0.00,$0.00
200031026,200033552,Retail,,"Mar 8, 2015 7:50:28 AM","Blooming Bath Baby Bath",BLOOMINGBATH-PINK,1.0000,$39.99,$0.00,$0.00
200031026,200033552,Retail,,"Mar 8, 2015 7:50:28 AM","Blooming Bath Baby Bath - Hot Pink",BLOOMINGBATH-PINK,1.0000,$0.00,$0.00,$0.00
200031027,200033553,Retail,,"Mar 8, 2015 7:53:54 AM","Blooming Bath Baby Bath",BLOOMINGBATH-YELLOW,1.0000,$39.99,$0.00,$0.00
200031027,200033553,Retail,,"Mar 8, 2015 7:53:54 AM","Blooming Bath Baby Bath - Canary Yellow",BLOOMINGBATH-YELLOW,1.0000,$0.00,$0.00,$0.00
200031027,200033553,Retail,,"Mar 8, 2015 7:53:54 AM","Petals Baby Washcloths - 3 Pack",PETAL-WASHCLOTHS-3PK-YELLOW,1.0000,$9.99,$0.00,$0.00
200031027,200033553,Retail,,"Mar 8, 2015 7:53:54 AM","Petals Baby Bath Washcloths - Canary Yellow - 3 Pack",PETAL-WASHCLOTHS-3PK-YELLOW,1.0000,$0.00,$0.00,$0.00
200031027,200033553,Retail,,"Mar 8, 2015 7:53:54 AM","Send as Gift",GIFT,1.0000,$0.00,$0.00,$0.00
200031028,200033554,Retail,,"Mar 8, 2015 7:55:08 AM","Blooming Bath Baby Bath",BLOOMINGBATH-PINK,1.0000,$39.99,$0.00,$0.00
200031028,200033554,Retail,,"Mar 8, 2015 7:55:08 AM","Blooming Bath Baby Bath - Hot Pink",BLOOMINGBATH-PINK,1.0000,$0.00,$0.00,$0.00
200031028,200033554,Retail,,"Mar 8, 2015 7:55:08 AM","Petals Baby Washcloths - 3 Pack",PETAL-WASHCLOTHS-3PK-PINK,1.0000,$9.99,$0.00,$0.00
200031028,200033554,Retail,,"Mar 8, 2015 7:55:08 AM","Petals Baby Bath Washcloths - Hot Pink - 3 Pack",PETAL-WASHCLOTHS-3PK-PINK,1.0000,$0.00,$0.00,$0.00
200031029,200033556,Retail,,"Mar 8, 2015 11:09:03 AM","Blooming Bath Baby Bath",BLOOMINGBATH-PINK,1.0000,$39.99,$0.00,$0.00
200031029,200033556,Retail,,"Mar 8, 2015 11:09:03 AM","Blooming Bath Baby Bath - Hot Pink",BLOOMINGBATH-PINK,1.0000,$0.00,$0.00,$0.00
200031029,200033556,Retail,,"Mar 8, 2015 11:09:03 AM","Send as Gift",GIFT,1.0000,$0.00,$0.00,$0.00
200031030,200033557,Retail,,"Mar 8, 2015 12:27:25 PM","Blooming Bath Bathing Kit",BLOOMINGBATH-KIT,1.0000,$59.99,$0.00,$0.00
200031030,200033557,Retail,,"Mar 8, 2015 12:27:25 PM","Blooming Bath Baby Bath - Ivory",BLOOMINGBATH-IVORY,1.0000,$0.00,$0.00,$0.00
200031030,200033557,Retail,,"Mar 8, 2015 12:27:25 PM","Mini Bloom Scrubbie - Canary Yellow",MINI-BLOOM-CANARY-YELLOW,1.0000,$0.00,$0.00,$0.00
200031030,200033557,Retail,,"Mar 8, 2015 12:27:25 PM","Burt's Bees Getting Started Kit",GETTING-STARTED-KIT,1.0000,$0.00,$0.00,$0.00
200031031,200033558,Retail,,"Mar 8, 2015 12:45:19 PM","Blooming Bath Baby Bath",BLOOMINGBATH-PINK,1.0000,$39.99,$0.00,$0.00
200031031,200033558,Retail,,"Mar 8, 2015 12:45:19 PM","Blooming Bath Baby Bath - Hot Pink",BLOOMINGBATH-PINK,1.0000,$0.00,$0.00,$0.00
200031032,200033559,Retail,,"Mar 8, 2015 1:03:52 PM","Blooming Bath Baby Bath",BLOOMINGBATH-YELLOW,1.0000,$39.99,$0.00,$0.00
200031032,200033559,Retail,,"Mar 8, 2015 1:03:52 PM","Blooming Bath Baby Bath - Canary Yellow",BLOOMINGBATH-YELLOW,1.0000,$0.00,$0.00,$0.00
200031033,200033560,Retail,,"Mar 8, 2015 1:50:30 PM","Blooming Bath Baby Bath",BLOOMINGBATH-PINK,1.0000,$39.99,$0.00,$0.00
200031033,200033560,Retail,,"Mar 8, 2015 1:50:30 PM","Blooming Bath Baby Bath - Hot Pink",BLOOMINGBATH-PINK,1.0000,$0.00,$0.00,$0.00
200031033,200033560,Retail,,"Mar 8, 2015 1:50:30 PM","Send as Gift",GIFT,1.0000,$0.00,$0.00,$0.00
200031034,200033561,Retail,,"Mar 8, 2015 3:00:33 PM","Blooming Bath Baby Bath",BLOOMINGBATH-GREEN,1.0000,$39.99,$0.00,$0.00
200031034,200033561,Retail,,"Mar 8, 2015 3:00:33 PM","Blooming Bath Baby Bath - Green",BLOOMINGBATH-GREEN,1.0000,$0.00,$0.00,$0.00
200031035,200033562,Retail,,"Mar 8, 2015 3:16:35 PM","Blooming Bath Baby Bath",BLOOMINGBATH-PINK,1.0000,$39.99,$0.00,$0.00
200031035,200033562,Retail,,"Mar 8, 2015 3:16:35 PM","Blooming Bath Baby Bath - Hot Pink",BLOOMINGBATH-PINK,1.0000,$0.00,$0.00,$0.00
200031036,200033564,Retail,,"Mar 8, 2015 3:38:04 PM","Blooming Bath Baby Bath",BLOOMINGBATH-IVORY,1.0000,$39.99,$0.00,$0.00
200031036,200033564,Retail,,"Mar 8, 2015 3:38:04 PM","Blooming Bath Baby Bath - Ivory",BLOOMINGBATH-IVORY,1.0000,$0.00,$0.00,$0.00
200031037,200033565,Retail,,"Mar 8, 2015 3:44:46 PM","Blooming Bath Baby Bath",BLOOMINGBATH-TURQUOISE,1.0000,$39.99,$0.00,$0.00
200031037,200033565,Retail,,"Mar 8, 2015 3:44:46 PM","Blooming Bath Baby Bath - Turquoise",BLOOMINGBATH-TURQUOISE,1.0000,$0.00,$0.00,$0.00
200031037,200033565,Retail,,"Mar 8, 2015 3:44:46 PM","Send as Gift",GIFT,1.0000,$0.00,$0.00,$0.00
200031038,200033567,Retail,,"Mar 8, 2015 6:31:31 PM","Blooming Bath Baby Bath",BLOOMINGBATH-PINK,2.0000,$79.98,$0.00,$0.00
200031038,200033567,Retail,,"Mar 8, 2015 6:31:31 PM","Blooming Bath Baby Bath - Hot Pink",BLOOMINGBATH-PINK,2.0000,$0.00,$0.00,$0.00
200031039,200033568,Retail,,"Mar 8, 2015 6:44:09 PM","Blooming Bath Baby Bath",BLOOMINGBATH-IVORY,1.0000,$39.99,$0.00,$0.00
200031039,200033568,Retail,,"Mar 8, 2015 6:44:09 PM","Blooming Bath Baby Bath - Ivory",BLOOMINGBATH-IVORY,1.0000,$0.00,$0.00,$0.00
200031040,200033570,Retail,,"Mar 8, 2015 6:45:08 PM","Blooming Bath Baby Bath",BLOOMINGBATH-TURQUOISE,1.0000,$39.99,$0.00,$3.20
200031040,200033570,Retail,,"Mar 8, 2015 6:45:08 PM","Blooming Bath Baby Bath - Turquoise",BLOOMINGBATH-TURQUOISE,1.0000,$0.00,$0.00,$0.00
200031041,200033571,Retail,,"Mar 8, 2015 7:02:34 PM","Blooming Bath Baby Bath",BLOOMINGBATH-GREEN,1.0000,$39.99,$4.00,$0.00
200031041,200033571,Retail,,"Mar 8, 2015 7:02:34 PM","Blooming Bath Baby Bath - Green",BLOOMINGBATH-GREEN,1.0000,$0.00,$0.00,$0.00
200031042,200033572,Retail,,"Mar 8, 2015 7:08:03 PM","Blooming Bath Baby Bath",BLOOMINGBATH-TURQUOISE,1.0000,$39.99,$0.00,$0.00
200031042,200033572,Retail,,"Mar 8, 2015 7:08:03 PM","Blooming Bath Baby Bath - Turquoise",BLOOMINGBATH-TURQUOISE,1.0000,$0.00,$0.00,$0.00
200031043,200033573,Retail,,"Mar 8, 2015 7:20:48 PM","Blooming Bath Bathing Kit",BLOOMINGBATH-KIT,1.0000,$59.99,$0.00,$0.00
200031043,200033573,Retail,,"Mar 8, 2015 7:20:48 PM","Blooming Bath Baby Bath - Hot Pink",BLOOMINGBATH-PINK,1.0000,$0.00,$0.00,$0.00
200031043,200033573,Retail,,"Mar 8, 2015 7:20:48 PM","Mini Bloom Scrubbie - Hot Pink ",MINI-BLOOM-HOT-PINK,1.0000,$0.00,$0.00,$0.00
200031043,200033573,Retail,,"Mar 8, 2015 7:20:48 PM","Burt's Bees Getting Started Kit",GETTING-STARTED-KIT,1.0000,$0.00,$0.00,$0.00
200031043,200033573,Retail,,"Mar 8, 2015 7:20:48 PM","Send as Gift",GIFT,1.0000,$0.00,$0.00,$0.00
200031044,200033574,Retail,,"Mar 8, 2015 8:32:32 PM","Blooming Bath Baby Bath",BLOOMINGBATH-YELLOW,1.0000,$39.99,$0.00,$0.00
200031044,200033574,Retail,,"Mar 8, 2015 8:32:32 PM","Blooming Bath Baby Bath - Canary Yellow",BLOOMINGBATH-YELLOW,1.0000,$0.00,$0.00,$0.00
200031045,200033575,Retail,,"Mar 8, 2015 9:07:32 PM","Blooming Bath Baby Bath",BLOOMINGBATH-TURQUOISE,1.0000,$39.99,$0.00,$0.00
200031045,200033575,Retail,,"Mar 8, 2015 9:07:32 PM","Blooming Bath Baby Bath - Turquoise",BLOOMINGBATH-TURQUOISE,1.0000,$0.00,$0.00,$0.00
